issued_date,site,target_date,p_flyable,n_members,criteria_version
2026-10-01,lake-erie-cleveland,2026-10-01,0.032,31,1
2026-10-01,lake-erie-cleveland,2026-10-02,0.258,31,1
2026-10-01,lake-erie-cleveland,2026-10-03,0.065,31,1
2026-10-01,lake-erie-cleveland,2026-10-04,0.097,31,1
2026-10-01,lake-erie-cleveland,2026-10-05,0.226,31,1
2026-10-01,lake-erie-cleveland,2026-10-06,0.581,31,1
2026-10-01,lake-erie-cleveland,2026-10-07,0.677,31,1
2026-10-01,lake-erie-cleveland,2026-10-08,0.516,31,1
2026-10-01,lake-erie-cleveland,2026-10-09,0.355,31,1
2026-10-01,lake-erie-cleveland,2026-10-10,0.161,31,1
2026-10-01,lake-erie-cleveland,2026-10-11,0.387,31,1
2026-10-01,lake-erie-cleveland,2026-10-12,0.226,31,1
2026-10-01,lake-erie-cleveland,2026-10-13,0.323,31,1
2026-10-01,lake-erie-cleveland,2026-10-14,0.226,31,1
2026-10-01,tennessee-cliff,2026-10-01,0.871,31,1
2026-10-01,tennessee-cliff,2026-10-02,0.677,31,1
2026-10-01,tennessee-cliff,2026-10-03,0.903,31,1
2026-10-01,tennessee-cliff,2026-10-04,0.161,31,1
2026-10-01,tennessee-cliff,2026-10-05,0.645,31,1
2026-10-01,tennessee-cliff,2026-10-06,0.742,31,1
2026-10-01,tennessee-cliff,2026-10-07,0.258,31,1
2026-10-01,tennessee-cliff,2026-10-08,0.581,31,1
2026-10-01,tennessee-cliff,2026-10-09,0.258,31,1
2026-10-01,tennessee-cliff,2026-10-10,0.387,31,1
2026-10-01,tennessee-cliff,2026-10-11,0.323,31,1
2026-10-01,tennessee-cliff,2026-10-12,0.484,31,1
2026-10-01,tennessee-cliff,2026-10-13,0.355,31,1
2026-10-01,tennessee-cliff,2026-10-14,0.452,31,1
2026-10-01,canaan-valley,2026-10-01,0.742,31,1
2026-10-01,canaan-valley,2026-10-02,0.065,31,1
2026-10-01,canaan-valley,2026-10-03,0.065,31,1
2026-10-01,canaan-valley,2026-10-04,0.774,31,1
2026-10-01,canaan-valley,2026-10-05,0.129,31,1
2026-10-01,canaan-valley,2026-10-06,0.355,31,1
2026-10-01,canaan-valley,2026-10-07,0.484,31,1
2026-10-01,canaan-valley,2026-10-08,0.194,31,1
2026-10-01,canaan-valley,2026-10-09,0.29,31,1
2026-10-01,canaan-valley,2026-10-10,0.258,31,1
2026-10-01,canaan-valley,2026-10-11,0.419,31,1
2026-10-01,canaan-valley,2026-10-12,0.387,31,1
2026-10-01,canaan-valley,2026-10-13,0.355,31,1
2026-10-01,canaan-valley,2026-10-14,0.323,31,1
2026-10-02,lake-erie-cleveland,2026-10-02,0.258,31,1
2026-10-02,lake-erie-cleveland,2026-10-03,0.032,31,1
2026-10-02,lake-erie-cleveland,2026-10-04,0.065,31,1
2026-10-02,lake-erie-cleveland,2026-10-05,0.226,31,1
2026-10-02,lake-erie-cleveland,2026-10-06,0.581,31,1
2026-10-02,lake-erie-cleveland,2026-10-07,0.742,31,1
2026-10-02,lake-erie-cleveland,2026-10-08,0.516,31,1
2026-10-02,lake-erie-cleveland,2026-10-09,0.355,31,1
2026-10-02,lake-erie-cleveland,2026-10-10,0.161,31,1
2026-10-02,lake-erie-cleveland,2026-10-11,0.419,31,1
2026-10-02,lake-erie-cleveland,2026-10-12,0.29,31,1
2026-10-02,lake-erie-cleveland,2026-10-13,0.258,31,1
2026-10-02,lake-erie-cleveland,2026-10-14,0.323,31,1
2026-10-02,lake-erie-cleveland,2026-10-15,0.226,31,1
2026-10-02,tennessee-cliff,2026-10-02,0.677,31,1
2026-10-02,tennessee-cliff,2026-10-03,0.935,31,1
2026-10-02,tennessee-cliff,2026-10-04,0.161,31,1
2026-10-02,tennessee-cliff,2026-10-05,0.677,31,1
2026-10-02,tennessee-cliff,2026-10-06,0.806,31,1
2026-10-02,tennessee-cliff,2026-10-07,0.258,31,1
2026-10-02,tennessee-cliff,2026-10-08,0.613,31,1
2026-10-02,tennessee-cliff,2026-10-09,0.258,31,1
2026-10-02,tennessee-cliff,2026-10-10,0.355,31,1
2026-10-02,tennessee-cliff,2026-10-11,0.29,31,1
2026-10-02,tennessee-cliff,2026-10-12,0.516,31,1
2026-10-02,tennessee-cliff,2026-10-13,0.355,31,1
2026-10-02,tennessee-cliff,2026-10-14,0.419,31,1
2026-10-02,tennessee-cliff,2026-10-15,0.484,31,1
2026-10-02,canaan-valley,2026-10-02,0.065,31,1
2026-10-02,canaan-valley,2026-10-03,0.032,31,1
2026-10-02,canaan-valley,2026-10-04,0.806,31,1
2026-10-02,canaan-valley,2026-10-05,0.129,31,1
2026-10-02,canaan-valley,2026-10-06,0.387,31,1
2026-10-02,canaan-valley,2026-10-07,0.516,31,1
2026-10-02,canaan-valley,2026-10-08,0.161,31,1
2026-10-02,canaan-valley,2026-10-09,0.323,31,1
2026-10-02,canaan-valley,2026-10-10,0.194,31,1
2026-10-02,canaan-valley,2026-10-11,0.323,31,1
2026-10-02,canaan-valley,2026-10-12,0.323,31,1
2026-10-02,canaan-valley,2026-10-13,0.419,31,1
2026-10-02,canaan-valley,2026-10-14,0.323,31,1
2026-10-02,canaan-valley,2026-10-15,0.097,31,1
